[
  {
    "ano": 1971,
    "Quantidade": 1
  },
  {
    "ano": 1974,
    "Quantidade": 3
  },
  {
    "ano": 1975,
    "Quantidade": 1
  },
  {
    "ano": 1976,
    "Quantidade": 1
  },
  {
    "ano": 1977,
    "Quantidade": 7
  },
  {
    "ano": 1978,
    "Quantidade": 4
  },
  {
    "ano": 1979,
    "Quantidade": 4
  },
  {
    "ano": 1980,
    "Quantidade": 1115
  },
  {
    "ano": 1981,
    "Quantidade": 4626
  },
  {
    "ano": 1982,
    "Quantidade": 9574
  },
  {
    "ano": 1983,
    "Quantidade": 17542
  },
  {
    "ano": 1984,
    "Quantidade": 37547
  },
  {
    "ano": 1985,
    "Quantidade": 83624
  },
  {
    "ano": 1986,
    "Quantidade": 111965
  },
  {
    "ano": 1987,
    "Quantidade": 266097
  },
  {
    "ano": 1988,
    "Quantidade": 334093
  },
  {
    "ano": 1989,
    "Quantidade": 123799
  },
  {
    "ano": 1990,
    "Quantidade": 243654
  },
  {
    "ano": 1991,
    "Quantidade": 283272
  },
  {
    "ano": 1992,
    "Quantidade": 71905
  },
  {
    "ano": 1993,
    "Quantidade": 61618
  },
  {
    "ano": 1994,
    "Quantidade": 127450
  },
  {
    "ano": 1995,
    "Quantidade": 415692
  },
  {
    "ano": 1996,
    "Quantidade": 242538
  },
  {
    "ano": 1997,
    "Quantidade": 39664
  },
  {
    "ano": 1998,
    "Quantidade": 355425
  },
  {
    "ano": 1999,
    "Quantidade": 260396
  },
  {
    "ano": 2000,
    "Quantidade": 227606
  },
  {
    "ano": 2001,
    "Quantidade": 325685
  },
  {
    "ano": 2002,
    "Quantidade": 149866
  },
  {
    "ano": 2003,
    "Quantidade": 169070
  },
  {
    "ano": 2004,
    "Quantidade": 88617
  },
  {
    "ano": 2005,
    "Quantidade": 110831
  },
  {
    "ano": 2006,
    "Quantidade": 134640
  },
  {
    "ano": 2007,
    "Quantidade": 189449
  },
  {
    "ano": 2008,
    "Quantidade": 85020
  },
  {
    "ano": 2009,
    "Quantidade": 184549
  },
  {
    "ano": 2010,
    "Quantidade": 166559
  },
  {
    "ano": 2011,
    "Quantidade": 84336
  },
  {
    "ano": 2012,
    "Quantidade": 96192
  },
  {
    "ano": 2013,
    "Quantidade": 272063
  },
  {
    "ano": 2014,
    "Quantidade": 423853
  },
  {
    "ano": 2015,
    "Quantidade": 157676
  },
  {
    "ano": 2016,
    "Quantidade": 360976
  },
  {
    "ano": 2017,
    "Quantidade": 303921
  },
  {
    "ano": 2018,
    "Quantidade": 204267
  },
  {
    "ano": 2019,
    "Quantidade": 336876
  },
  {
    "ano": 2020,
    "Quantidade": 177000
  },
  {
    "ano": 2021,
    "Quantidade": 290551
  },
  {
    "ano": 2022,
    "Quantidade": 319944
  },
  {
    "ano": 2023,
    "Quantidade": 255078
  },
  {
    "ano": 2024,
    "Quantidade": 241097
  }
]