[
  {
    "ano": 1971,
    "Quantidade": 0
  },
  {
    "ano": 1974,
    "Quantidade": 0
  },
  {
    "ano": 1975,
    "Quantidade": 0
  },
  {
    "ano": 1976,
    "Quantidade": 0
  },
  {
    "ano": 1977,
    "Quantidade": 0
  },
  {
    "ano": 1978,
    "Quantidade": 0
  },
  {
    "ano": 1979,
    "Quantidade": 0
  },
  {
    "ano": 1980,
    "Quantidade": 0
  },
  {
    "ano": 1981,
    "Quantidade": 0
  },
  {
    "ano": 1982,
    "Quantidade": 0
  },
  {
    "ano": 1983,
    "Quantidade": 0
  },
  {
    "ano": 1984,
    "Quantidade": 1
  },
  {
    "ano": 1985,
    "Quantidade": 3
  },
  {
    "ano": 1986,
    "Quantidade": 61
  },
  {
    "ano": 1987,
    "Quantidade": 426
  },
  {
    "ano": 1988,
    "Quantidade": 5545
  },
  {
    "ano": 1989,
    "Quantidade": 4018
  },
  {
    "ano": 1990,
    "Quantidade": 29431
  },
  {
    "ano": 1991,
    "Quantidade": 39960
  },
  {
    "ano": 1992,
    "Quantidade": 58570
  },
  {
    "ano": 1993,
    "Quantidade": 407963
  },
  {
    "ano": 1994,
    "Quantidade": 17909
  },
  {
    "ano": 1995,
    "Quantidade": 16599
  },
  {
    "ano": 1996,
    "Quantidade": 5748
  },
  {
    "ano": 1997,
    "Quantidade": 49185
  },
  {
    "ano": 1998,
    "Quantidade": 35927
  },
  {
    "ano": 1999,
    "Quantidade": 526224
  },
  {
    "ano": 2000,
    "Quantidade": 13051
  },
  {
    "ano": 2001,
    "Quantidade": 11831
  },
  {
    "ano": 2002,
    "Quantidade": 106315
  },
  {
    "ano": 2003,
    "Quantidade": 5014
  },
  {
    "ano": 2004,
    "Quantidade": 5751
  },
  {
    "ano": 2005,
    "Quantidade": 6043
  },
  {
    "ano": 2006,
    "Quantidade": 8032
  },
  {
    "ano": 2007,
    "Quantidade": 5913
  },
  {
    "ano": 2008,
    "Quantidade": 10936
  },
  {
    "ano": 2009,
    "Quantidade": 52819
  },
  {
    "ano": 2010,
    "Quantidade": 22498
  },
  {
    "ano": 2011,
    "Quantidade": 81141
  },
  {
    "ano": 2012,
    "Quantidade": 128607
  },
  {
    "ano": 2013,
    "Quantidade": 152483
  },
  {
    "ano": 2014,
    "Quantidade": 57422
  },
  {
    "ano": 2015,
    "Quantidade": 86303
  },
  {
    "ano": 2016,
    "Quantidade": 26605
  },
  {
    "ano": 2017,
    "Quantidade": 75894
  },
  {
    "ano": 2018,
    "Quantidade": 98723
  },
  {
    "ano": 2019,
    "Quantidade": 30926
  },
  {
    "ano": 2020,
    "Quantidade": 121233
  },
  {
    "ano": 2021,
    "Quantidade": 29965
  },
  {
    "ano": 2022,
    "Quantidade": 34679
  },
  {
    "ano": 2023,
    "Quantidade": 16886
  },
  {
    "ano": 2024,
    "Quantidade": 792507
  }
]