[
  {
    "ano": 1971,
    "Quantidade": 0
  },
  {
    "ano": 1974,
    "Quantidade": 0
  },
  {
    "ano": 1975,
    "Quantidade": 0
  },
  {
    "ano": 1976,
    "Quantidade": 0
  },
  {
    "ano": 1977,
    "Quantidade": 0
  },
  {
    "ano": 1978,
    "Quantidade": 0
  },
  {
    "ano": 1979,
    "Quantidade": 0
  },
  {
    "ano": 1980,
    "Quantidade": 0
  },
  {
    "ano": 1981,
    "Quantidade": 0
  },
  {
    "ano": 1982,
    "Quantidade": 0
  },
  {
    "ano": 1983,
    "Quantidade": 0
  },
  {
    "ano": 1984,
    "Quantidade": 0
  },
  {
    "ano": 1985,
    "Quantidade": 0
  },
  {
    "ano": 1986,
    "Quantidade": 18
  },
  {
    "ano": 1987,
    "Quantidade": 61563
  },
  {
    "ano": 1988,
    "Quantidade": 53918
  },
  {
    "ano": 1989,
    "Quantidade": 54160
  },
  {
    "ano": 1990,
    "Quantidade": 40426
  },
  {
    "ano": 1991,
    "Quantidade": 55425
  },
  {
    "ano": 1992,
    "Quantidade": 73079
  },
  {
    "ano": 1993,
    "Quantidade": 24226
  },
  {
    "ano": 1994,
    "Quantidade": 34067
  },
  {
    "ano": 1995,
    "Quantidade": 25671
  },
  {
    "ano": 1996,
    "Quantidade": 83565
  },
  {
    "ano": 1997,
    "Quantidade": 157811
  },
  {
    "ano": 1998,
    "Quantidade": 76404
  },
  {
    "ano": 1999,
    "Quantidade": 106469
  },
  {
    "ano": 2000,
    "Quantidade": 67661
  },
  {
    "ano": 2001,
    "Quantidade": 81844
  },
  {
    "ano": 2002,
    "Quantidade": 131458
  },
  {
    "ano": 2003,
    "Quantidade": 145880
  },
  {
    "ano": 2004,
    "Quantidade": 104941
  },
  {
    "ano": 2005,
    "Quantidade": 46325
  },
  {
    "ano": 2006,
    "Quantidade": 89691
  },
  {
    "ano": 2007,
    "Quantidade": 114620
  },
  {
    "ano": 2008,
    "Quantidade": 113772
  },
  {
    "ano": 2009,
    "Quantidade": 91606
  },
  {
    "ano": 2010,
    "Quantidade": 109636
  },
  {
    "ano": 2011,
    "Quantidade": 93023
  },
  {
    "ano": 2012,
    "Quantidade": 149103
  },
  {
    "ano": 2013,
    "Quantidade": 202878
  },
  {
    "ano": 2014,
    "Quantidade": 146753
  },
  {
    "ano": 2015,
    "Quantidade": 180009
  },
  {
    "ano": 2016,
    "Quantidade": 91676
  },
  {
    "ano": 2017,
    "Quantidade": 157959
  },
  {
    "ano": 2018,
    "Quantidade": 116525
  },
  {
    "ano": 2019,
    "Quantidade": 130628
  },
  {
    "ano": 2020,
    "Quantidade": 151402
  },
  {
    "ano": 2021,
    "Quantidade": 193918
  },
  {
    "ano": 2022,
    "Quantidade": 134912
  },
  {
    "ano": 2023,
    "Quantidade": 180025
  },
  {
    "ano": 2024,
    "Quantidade": 113892
  }
]